{"diffRAM":5620,"diffHeapTotal":3584,"diffHeapUsed":1945.2421875,"diffExternal":40.0166015625,"diffCPU":40.196,"diffTime":34}